f-1234567890,2024-01-01,c-1234567,1234567890,2024-01-02,f-1234567890_1234567890_Document1.pdf;f-1234567890_1234567890_Document2.pdf,1000.0,NEW,9876543210,Oliver Twist,Gringotts
f-1234567891,2024-01-03,c-1234567,1234567891,2024-01-04,f-1234567891_1234567891_Document3.pdf;f-1234567891_1234567891_Document4.pdf,2000.0,PROCESSING,9876543211,Emily Bronte,Flourish and Blotts
f-1234567892,2024-01-05,c-1234569,1234567892,2024-01-06,f-1234567892_1234567892_Document5.pdf;f-1234567892_1234567892_Document6.pdf,3000.0,DONE,9876543212,Victor Hugo,Ollivanders
f-1234567893,2024-01-07,c-1234570,1234567893,2024-01-08,f-1234567893_1234567893_Document7.pdf;f-1234567893_1234567893_Document8.pdf,4000.0,NEW,9876543213,Harper Lee,The Leaky Cauldron
f-1234567894,2024-01-09,c-1234571,1234567894,2024-01-10,f-1234567894_1234567894_Document9.pdf;f-1234567894_1234567894_Document10.pdf,5000.0,PROCESSING,9876543214,Mark Twain,The Three Broomsticks
f-1234567895,2024-01-11,c-1234572,1234567895,2024-01-12,f-1234567895_1234567895_Document11.pdf;f-1234567895_1234567895_Document12.pdf,6000.0,DONE,9876543215,Jane Austen,Honeydukes
f-1234567896,2024-01-13,c-1234573,1234567896,2024-01-14,f-1234567896_1234567896_Document13.pdf;f-1234567896_1234567896_Document14.pdf,7000.0,NEW,9876543216,Charles Dickens,Weasleys' Wizard Wheezes
f-1234567897,2024-01-15,c-1234574,1234567897,2024-01-16,f-1234567897_1234567897_Document15.pdf;f-1234567897_1234567897_Document16.pdf,8000.0,PROCESSING,9876543217,Louisa May Alcott,Madam Malkin's
f-1234567898,2024-01-17,c-1234575,1234567898,2024-01-18,f-1234567898_1234567898_Document17.pdf;f-1234567898_1234567898_Document18.pdf,9000.0,DONE,9876543218,Ernest Hemingway,The Hog's Head
f-1234567899,2024-01-19,c-1234576,1234567899,2024-01-20,f-1234567899_1234567899_Document19.pdf;f-1234567899_1234567899_Document20.pdf,10000.0,NEW,9876543219,Charlotte Bronte,The Burrow
f-1234567800,2024-01-21,c-1234577,1234567800,2024-01-22,f-1234567800_1234567800_Document21.pdf;f-1234567800_1234567800_Document22.pdf,11000.0,PROCESSING,9876543220,Leo Tolstoy,The Ministry of Magic
f-1234567801,2024-01-23,c-1234578,1234567801,2024-01-24,f-1234567801_1234567801_Document23.pdf;f-1234567801_1234567801_Document24.pdf,12000.0,DONE,9876543221,Agatha Christie,The Room of Requirement
f-1234567802,2024-01-25,c-1234579,1234567802,2024-01-26,f-1234567802_1234567802_Document25.pdf;f-1234567802_1234567802_Document26.pdf,13000.0,NEW,9876543222,George Orwell,The Shrieking Shack
f-1234567803,2024-01-27,c-1234580,1234567803,2024-01-28,f-1234567803_1234567803_Document27.pdf;f-1234567803_1234567803_Document28.pdf,14000.0,PROCESSING,9876543223,Mary Shelley,The Forbidden Forest
f-1234567804,2024-01-29,c-1234581,1234567804,2024-01-30,f-1234567804_1234567804_Document29.pdf;f-1234567804_1234567804_Document30.pdf,15000.0,DONE,9876543224,Arthur Conan Doyle,The Great Hall
